{"stats":{"minecraft:dropped":{"minecraft:iron_axe":1,"minecraft:iron_pickaxe":2},"minecraft:used":{"minecraft:sand":28,"minecraft:iron_pickaxe":1},"minecraft:picked_up":{"minecraft:iron_axe":1,"minecraft:torch":1,"minecraft:birch_planks":1,"minecraft:sand":28,"minecraft:iron_pickaxe":2,"minecraft:yellow_bed":1},"minecraft:mined":{"minecraft:sand":12,"minecraft:yellow_bed":1,"minecraft:torch":1},"minecraft:custom":{"minecraft:open_chest":3,"minecraft:time_since_rest":16715,"minecraft:play_one_minute":16715,"minecraft:crouch_one_cm":600,"minecraft:sprint_one_cm":25630,"minecraft:damage_taken":100,"minecraft:walk_one_cm":20218,"minecraft:bell_ring":5,"minecraft:sneak_time":140,"minecraft:walk_under_water_one_cm":3102,"minecraft:drop":3,"minecraft:jump":82,"minecraft:leave_game":1,"minecraft:time_since_death":16715,"minecraft:walk_on_water_one_cm":2606,"minecraft:climb_one_cm":1876,"minecraft:swim_one_cm":19851,"minecraft:interact_with_crafting_table":1,"minecraft:fall_one_cm":1351,"minecraft:fly_one_cm":22623}},"DataVersion":2586}