{"stats":{"minecraft:used":{"minecraft:birch_fence":85,"minecraft:iron_shovel":97,"minecraft:birch_planks":423,"minecraft:iron_axe":59,"minecraft:birch_slab":183,"minecraft:iron_pickaxe":41,"minecraft:iron_sword":11,"mowziesmobs:naga_spawn_egg":1,"minecraft:crafting_table":2,"minecraft:furnace":1,"minecraft:oak_sapling":2},"minecraft:mined":{"minecraft:birch_planks":43,"minecraft:dark_oak_leaves":1,"treechop:chopped_log":3,"minecraft:crafting_table":1,"gravestone:gravestone":1,"minecraft:coal_ore":16,"minecraft:oak_log":5,"minecraft:sand":98,"minecraft:birch_slab":8,"minecraft:stone":24,"minecraft:oak_leaves":37,"minecraft:birch_fence":7},"minecraft:crafted":{"minecraft:oak_planks":20,"minecraft:iron_chestplate":1,"minecraft:iron_boots":1,"minecraft:shield":1,"minecraft:iron_axe":2,"minecraft:crafting_table":1,"minecraft:birch_fence":105,"minecraft:stick":88,"minecraft:iron_helmet":1,"minecraft:iron_pickaxe":1,"minecraft:furnace":1,"minecraft:iron_shovel":1,"minecraft:iron_sword":1,"minecraft:iron_leggings":1,"minecraft:birch_slab":180,"minecraft:birch_planks":1792},"minecraft:dropped":{"minecraft:birch_planks":1,"alexsmobs:animal_dictionary":1,"minecraft:bone":1,"minecraft:stick":15},"minecraft:custom":{"minecraft:time_since_rest":23322,"minecraft:interact_with_furnace":1,"minecraft:sprint_one_cm":23235,"minecraft:damage_taken":264,"minecraft:walk_one_cm":91855,"minecraft:mob_kills":3,"minecraft:drop":4,"minecraft:damage_dealt":600,"minecraft:swim_one_cm":11384,"minecraft:interact_with_crafting_table":13,"minecraft:fly_one_cm":69479,"minecraft:play_one_minute":55362,"minecraft:crouch_one_cm":4245,"minecraft:deaths":1,"minecraft:sneak_time":1729,"minecraft:walk_under_water_one_cm":55615,"minecraft:jump":467,"minecraft:leave_game":2,"minecraft:time_since_death":23299,"minecraft:walk_on_water_one_cm":58502,"minecraft:fall_one_cm":8783},"minecraft:killed":{"minecraft:zombie":1,"piratesandlootersreborn:spader_pirate_skeleton":1,"minecraft:drowned":1},"minecraft:picked_up":{"minecraft:stick":15,"minecraft:crafting_table":1,"minecraft:birch_slab":7,"minecraft:birch_planks":35,"minecraft:sand":93,"minecraft:oak_log":5,"minecraft:birch_fence":7,"minecraft:bone":1,"minecraft:oak_sapling":2,"minecraft:coal":16,"minecraft:cobblestone":24}},"DataVersion":2586}