{
  "smallships:recipes/lotr_green_oak_war_galley": {
    "criteria": {
      "in_water": "2024-08-27 22:42:17 +0000"
    },
    "done": true
  },
  "smallships:recipes/lotr_lairelosse_drakkar": {
    "criteria": {
      "in_water": "2024-08-27 22:42:17 +0000"
    },
    "done": true
  },
  "minecraft:recipes/building_blocks/magenta_concrete_powder": {
    "criteria": {
      "has_sand": "2024-08-27 22:47:45 +0000"
    },
    "done": true
  },
  "sworddisplay:recipes/sworddisplay/birch_sword_case": {
    "criteria": {
      "has_core": "2024-08-27 22:43:32 +0000"
    },
    "done": true
  },
  "smallships:recipes/bop_hellbark_war_galley": {
    "criteria": {
      "in_water": "2024-08-27 22:42:17 +0000"
    },
    "done": true
  },
  "smallships:recipes/lotr_rotten_rowboat": {
    "criteria": {
      "in_water": "2024-08-27 22:42:17 +0000"
    },
    "done": true
  },
  "smallships:recipes/lotr_cherry_drakkar": {
    "criteria": {
      "in_water": "2024-08-27 22:42:17 +0000"
    },
    "done": true
  },
  "smallships:recipes/bop_cherry_cog": {
    "criteria": {
      "in_water": "2024-08-27 22:42:17 +0000"
    },
    "done": true
  },
  "biomesoplenty:recipes/transportation/willow_boat": {
    "criteria": {
      "in_water": "2024-08-27 22:42:17 +0000"
    },
    "done": true
  },
  "minecraft:recipes/building_blocks/lime_concrete_powder": {
    "criteria": {
      "has_sand": "2024-08-27 22:47:45 +0000"
    },
    "done": true
  },
  "smallships:recipes/lotr_holly_galley": {
    "criteria": {
      "in_water": "2024-08-27 22:42:17 +0000"
    },
    "done": true
  },
  "smallships:recipes/lotr_fir_cog": {
    "criteria": {
      "in_water": "2024-08-27 22:42:17 +0000"
    },
    "done": true
  },
  "smallships:recipes/lotr_fir_rowboat": {
    "criteria": {
      "in_water": "2024-08-27 22:42:17 +0000"
    },
    "done": true
  },
  "minecraft:recipes/building_blocks/yellow_concrete_powder": {
    "criteria": {
      "has_sand": "2024-08-27 22:47:45 +0000"
    },
    "done": true
  },
  "smallships:recipes/envi_cherry_brigg": {
    "criteria": {
      "in_water": "2024-08-27 22:42:17 +0000"
    },
    "done": true
  },
  "smallships:recipes/envi_wisteria_drakkar": {
    "criteria": {
      "in_water": "2024-08-27 22:42:17 +0000"
    },
    "done": true
  },
  "minecraft:recipes/redstone/birch_pressure_plate": {
    "criteria": {
      "has_planks": "2024-08-27 22:43:32 +0000"
    },
    "done": true
  },
  "minecraft:recipes/decorations/crafting_table": {
    "criteria": {
      "has_planks": "2024-08-27 22:43:32 +0000"
    },
    "done": true
  },
  "smallships:recipes/lotr_cedar_cog": {
    "criteria": {
      "in_water": "2024-08-27 22:42:17 +0000"
    },
    "done": true
  },
  "smallships:recipes/lotr_larch_brigg": {
    "criteria": {
      "in_water": "2024-08-27 22:42:17 +0000"
    },
    "done": true
  },
  "smallships:recipes/lotr_maple_brigg": {
    "criteria": {
      "in_water": "2024-08-27 22:42:17 +0000"
    },
    "done": true
  },
  "biomesoplenty:recipes/transportation/mahogany_boat": {
    "criteria": {
      "in_water": "2024-08-27 22:42:17 +0000"
    },
    "done": true
  },
  "minecraft:recipes/decorations/chest": {
    "criteria": {
      "has_lots_of_items": "2024-08-27 22:53:49 +0000"
    },
    "done": true
  },
  "minecraft:recipes/building_blocks/brown_concrete_powder": {
    "criteria": {
      "has_sand": "2024-08-27 22:47:45 +0000"
    },
    "done": true
  },
  "smallships:recipes/bop_palm_rowboat": {
    "criteria": {
      "in_water": "2024-08-27 22:42:17 +0000"
    },
    "done": true
  },
  "smallships:recipes/bop_mahogany_brigg": {
    "criteria": {
      "in_water": "2024-08-27 22:42:17 +0000"
    },
    "done": true
  },
  "smallships:recipes/lotr_aspen_war_galley": {
    "criteria": {
      "in_water": "2024-08-27 22:42:17 +0000"
    },
    "done": true
  },
  "smallships:recipes/lotr_pine_brigg": {
    "criteria": {
      "in_water": "2024-08-27 22:42:17 +0000"
    },
    "done": true
  },
  "smallships:recipes/lotr_holly_war_galley": {
    "criteria": {
      "in_water": "2024-08-27 22:42:17 +0000"
    },
    "done": true
  },
  "smallships:recipes/lotr_mallorn_galley": {
    "criteria": {
      "in_water": "2024-08-27 22:42:17 +0000"
    },
    "done": true
  },
  "smallships:recipes/bop_fir_galley": {
    "criteria": {
      "in_water": "2024-08-27 22:42:17 +0000"
    },
    "done": true
  },
  "biomesoplenty:recipes/transportation/dead_boat": {
    "criteria": {
      "in_water": "2024-08-27 22:42:17 +0000"
    },
    "done": true
  },
  "smallships:recipes/spruce_brigg": {
    "criteria": {
      "in_water": "2024-08-27 22:42:17 +0000"
    },
    "done": true
  },
  "minecraft:recipes/misc/stick": {
    "criteria": {
      "has_planks": "2024-08-27 22:43:32 +0000"
    },
    "done": true
  },
  "smallships:recipes/bop_magic_war_galley": {
    "criteria": {
      "in_water": "2024-08-27 22:42:17 +0000"
    },
    "done": true
  },
  "smallships:recipes/lotr_beech_galley": {
    "criteria": {
      "in_water": "2024-08-27 22:42:17 +0000"
    },
    "done": true
  },
  "smallships:recipes/lotr_cypress_drakkar": {
    "criteria": {
      "in_water": "2024-08-27 22:42:17 +0000"
    },
    "done": true
  },
  "smallships:recipes/bop_umbran_galley": {
    "criteria": {
      "in_water": "2024-08-27 22:42:17 +0000"
    },
    "done": true
  },
  "minecraft:recipes/transportation/spruce_boat": {
    "criteria": {
      "in_water": "2024-08-27 22:42:17 +0000"
    },
    "done": true
  },
  "smallships:recipes/bop_jacaranda_drakkar": {
    "criteria": {
      "in_water": "2024-08-27 22:42:17 +0000"
    },
    "done": true
  },
  "smallships:recipes/lotr_larch_galley": {
    "criteria": {
      "in_water": "2024-08-27 22:42:17 +0000"
    },
    "done": true
  },
  "smallships:recipes/lotr_lebethron_galley": {
    "criteria": {
      "in_water": "2024-08-27 22:42:17 +0000"
    },
    "done": true
  },
  "smallships:recipes/envi_cherry_drakkar": {
    "criteria": {
      "in_water": "2024-08-27 22:42:17 +0000"
    },
    "done": true
  },
  "smallships:recipes/lotr_charred_war_galley": {
    "criteria": {
      "in_water": "2024-08-27 22:42:17 +0000"
    },
    "done": true
  },
  "smallships:recipes/bop_umbran_brigg": {
    "criteria": {
      "in_water": "2024-08-27 22:42:17 +0000"
    },
    "done": true
  },
  "smallships:recipes/lotr_rotten_galley": {
    "criteria": {
      "in_water": "2024-08-27 22:42:17 +0000"
    },
    "done": true
  },
  "smallships:recipes/lotr_cherry_rowboat": {
    "criteria": {
      "in_water": "2024-08-27 22:42:17 +0000"
    },
    "done": true
  },
  "smallships:recipes/lotr_maple_rowboat": {
    "criteria": {
      "in_water": "2024-08-27 22:42:17 +0000"
    },
    "done": true
  },
  "smallships:recipes/bop_umbran_drakkar": {
    "criteria": {
      "in_water": "2024-08-27 22:42:17 +0000"
    },
    "done": true
  },
  "smallships:recipes/lotr_pine_war_galley": {
    "criteria": {
      "in_water": "2024-08-27 22:42:17 +0000"
    },
    "done": true
  },
  "smallships:recipes/lotr_fir_war_galley": {
    "criteria": {
      "in_water": "2024-08-27 22:42:17 +0000"
    },
    "done": true
  },
  "smallships:recipes/lotr_larch_war_galley": {
    "criteria": {
      "in_water": "2024-08-27 22:42:17 +0000"
    },
    "done": true
  },
  "smallships:recipes/bop_jacaranda_cog": {
    "criteria": {
      "in_water": "2024-08-27 22:42:17 +0000"
    },
    "done": true
  },
  "smallships:recipes/bop_redwood_drakkar": {
    "criteria": {
      "in_water": "2024-08-27 22:42:17 +0000"
    },
    "done": true
  },
  "smallships:recipes/lotr_apple_war_galley": {
    "criteria": {
      "in_water": "2024-08-27 22:42:17 +0000"
    },
    "done": true
  },
  "smallships:recipes/lotr_cedar_brigg": {
    "criteria": {
      "in_water": "2024-08-27 22:42:17 +0000"
    },
    "done": true
  },
  "smallships:recipes/lotr_rotten_brigg": {
    "criteria": {
      "in_water": "2024-08-27 22:42:17 +0000"
    },
    "done": true
  },
  "smallships:recipes/birch_war_galley": {
    "criteria": {
      "in_water": "2024-08-27 22:42:17 +0000"
    },
    "done": true
  },
  "smallships:recipes/bop_umbran_cog": {
    "criteria": {
      "in_water": "2024-08-27 22:42:17 +0000"
    },
    "done": true
  },
  "minecraft:recipes/building_blocks/birch_slab": {
    "criteria": {
      "has_planks": "2024-08-27 22:43:32 +0000"
    },
    "done": true
  },
  "biomesoplenty:recipes/transportation/magic_boat": {
    "criteria": {
      "in_water": "2024-08-27 22:42:17 +0000"
    },
    "done": true
  },
  "smallships:recipes/lotr_green_oak_drakkar": {
    "criteria": {
      "in_water": "2024-08-27 22:42:17 +0000"
    },
    "done": true
  },
  "smallships:recipes/jungle_drakkar": {
    "criteria": {
      "in_water": "2024-08-27 22:42:17 +0000"
    },
    "done": true
  },
  "smallships:recipes/lotr_cypress_rowboat": {
    "criteria": {
      "in_water": "2024-08-27 22:42:17 +0000"
    },
    "done": true
  },
  "smallships:recipes/bop_willow_galley": {
    "criteria": {
      "in_water": "2024-08-27 22:42:17 +0000"
    },
    "done": true
  },
  "smallships:recipes/lotr_aspen_cog": {
    "criteria": {
      "in_water": "2024-08-27 22:42:17 +0000"
    },
    "done": true
  },
  "smallships:recipes/dark_oak_drakkar": {
    "criteria": {
      "in_water": "2024-08-27 22:42:17 +0000",
      "has_the_recipe": "2024-08-27 22:42:17 +0000"
    },
    "done": true
  },
  "smallships:recipes/birch_brigg": {
    "criteria": {
      "in_water": "2024-08-27 22:42:17 +0000"
    },
    "done": true
  },
  "smallships:recipes/lotr_pear_drakkar": {
    "criteria": {
      "in_water": "2024-08-27 22:42:17 +0000"
    },
    "done": true
  },
  "minecraft:recipes/building_blocks/light_gray_concrete_powder": {
    "criteria": {
      "has_sand": "2024-08-27 22:47:45 +0000"
    },
    "done": true
  },
  "minecraft:recipes/building_blocks/light_blue_concrete_powder": {
    "criteria": {
      "has_sand": "2024-08-27 22:47:45 +0000"
    },
    "done": true
  },
  "biomesoplenty:recipes/transportation/cherry_boat": {
    "criteria": {
      "in_water": "2024-08-27 22:42:17 +0000"
    },
    "done": true
  },
  "smallships:recipes/envi_cherry_galley": {
    "criteria": {
      "in_water": "2024-08-27 22:42:17 +0000"
    },
    "done": true
  },
  "biomesoplenty:recipes/transportation/fir_boat": {
    "criteria": {
      "in_water": "2024-08-27 22:42:17 +0000"
    },
    "done": true
  },
  "smallships:recipes/bop_fir_brigg": {
    "criteria": {
      "in_water": "2024-08-27 22:42:17 +0000"
    },
    "done": true
  },
  "minecraft:recipes/building_blocks/glass": {
    "criteria": {
      "has_sand": "2024-08-27 22:47:45 +0000"
    },
    "done": true
  },
  "smallships:recipes/bop_hellbark_rowboat": {
    "criteria": {
      "in_water": "2024-08-27 22:42:17 +0000"
    },
    "done": true
  },
  "smallships:recipes/lotr_cherry_war_galley": {
    "criteria": {
      "in_water": "2024-08-27 22:42:17 +0000"
    },
    "done": true
  },
  "minecraft:recipes/building_blocks/pink_concrete_powder": {
    "criteria": {
      "has_sand": "2024-08-27 22:47:45 +0000"
    },
    "done": true
  },
  "smallships:recipes/dark_oak_brigg": {
    "criteria": {
      "in_water": "2024-08-27 22:42:17 +0000"
    },
    "done": true
  },
  "smallships:recipes/bop_redwood_war_galley": {
    "criteria": {
      "in_water": "2024-08-27 22:42:17 +0000"
    },
    "done": true
  },
  "minecraft:recipes/building_blocks/purple_concrete_powder": {
    "criteria": {
      "has_sand": "2024-08-27 22:47:45 +0000"
    },
    "done": true
  },
  "smallships:recipes/lotr_beech_war_galley": {
    "criteria": {
      "in_water": "2024-08-27 22:42:17 +0000"
    },
    "done": true
  },
  "smallships:recipes/bop_cherry_galley": {
    "criteria": {
      "in_water": "2024-08-27 22:42:17 +0000"
    },
    "done": true
  },
  "smallships:recipes/bop_willow_cog": {
    "criteria": {
      "in_water": "2024-08-27 22:42:17 +0000"
    },
    "done": true
  },
  "smallships:recipes/lotr_pear_cog": {
    "criteria": {
      "in_water": "2024-08-27 22:42:17 +0000"
    },
    "done": true
  },
  "smallships:recipes/lotr_mallorn_rowboat": {
    "criteria": {
      "in_water": "2024-08-27 22:42:17 +0000"
    },
    "done": true
  },
  "smallships:recipes/envi_cherry_rowboat": {
    "criteria": {
      "in_water": "2024-08-27 22:42:17 +0000"
    },
    "done": true
  },
  "undergarden:recipes/undergarden_group/gloom_o_lantern": {
    "criteria": {
      "has_torch": "2024-08-27 22:53:49 +0000"
    },
    "done": true
  },
  "smallships:recipes/lotr_lebethron_cog": {
    "criteria": {
      "in_water": "2024-08-27 22:42:17 +0000"
    },
    "done": true
  },
  "smallships:recipes/lotr_apple_rowboat": {
    "criteria": {
      "in_water": "2024-08-27 22:42:17 +0000"
    },
    "done": true
  },
  "smallships:recipes/dark_oak_cog": {
    "criteria": {
      "in_water": "2024-08-27 22:42:17 +0000"
    },
    "done": true
  },
  "smallships:recipes/lotr_pine_galley": {
    "criteria": {
      "in_water": "2024-08-27 22:42:17 +0000"
    },
    "done": true
  },
  "smallships:recipes/bop_hellbark_drakkar": {
    "criteria": {
      "in_water": "2024-08-27 22:42:17 +0000"
    },
    "done": true
  },
  "minecraft:recipes/building_blocks/sandstone": {
    "criteria": {
      "has_sand": "2024-08-27 22:47:45 +0000"
    },
    "done": true
  },
  "smallships:recipes/lotr_cedar_galley": {
    "criteria": {
      "in_water": "2024-08-27 22:42:17 +0000"
    },
    "done": true
  },
  "smallships:recipes/bop_mahogany_galley": {
    "criteria": {
      "in_water": "2024-08-27 22:42:17 +0000"
    },
    "done": true
  },
  "smallships:recipes/lotr_mallorn_brigg": {
    "criteria": {
      "in_water": "2024-08-27 22:42:17 +0000"
    },
    "done": true
  },
  "minecraft:recipes/transportation/birch_boat": {
    "criteria": {
      "in_water": "2024-08-27 22:42:17 +0000"
    },
    "done": true
  },
  "smallships:recipes/acacia_war_galley": {
    "criteria": {
      "in_water": "2024-08-27 22:42:17 +0000"
    },
    "done": true
  },
  "smallships:recipes/acacia_rowboat": {
    "criteria": {
      "in_water": "2024-08-27 22:42:17 +0000"
    },
    "done": true
  },
  "smallships:recipes/jungle_cog": {
    "criteria": {
      "in_water": "2024-08-27 22:42:17 +0000"
    },
    "done": true
  },
  "minecraft:recipes/building_blocks/green_concrete_powder": {
    "criteria": {
      "has_sand": "2024-08-27 22:47:45 +0000"
    },
    "done": true
  },
  "smallships:recipes/lotr_holly_brigg": {
    "criteria": {
      "in_water": "2024-08-27 22:42:17 +0000"
    },
    "done": true
  },
  "smallships:recipes/lotr_pear_rowboat": {
    "criteria": {
      "in_water": "2024-08-27 22:42:17 +0000"
    },
    "done": true
  },
  "minecraft:recipes/transportation/acacia_boat": {
    "criteria": {
      "in_water": "2024-08-27 22:42:17 +0000"
    },
    "done": true
  },
  "smallships:recipes/jungle_rowboat": {
    "criteria": {
      "in_water": "2024-08-27 22:42:17 +0000"
    },
    "done": true
  },
  "smallships:recipes/lotr_fir_galley": {
    "criteria": {
      "in_water": "2024-08-27 22:42:17 +0000"
    },
    "done": true
  },
  "smallships:recipes/lotr_pear_galley": {
    "criteria": {
      "in_water": "2024-08-27 22:42:17 +0000"
    },
    "done": true
  },
  "smallships:recipes/birch_cog": {
    "criteria": {
      "in_water": "2024-08-27 22:42:17 +0000"
    },
    "done": true
  },
  "smallships:recipes/birch_drakkar": {
    "criteria": {
      "in_water": "2024-08-27 22:42:17 +0000",
      "has_the_recipe": "2024-08-27 22:42:17 +0000"
    },
    "done": true
  },
  "smallships:recipes/lotr_fir_brigg": {
    "criteria": {
      "in_water": "2024-08-27 22:42:17 +0000"
    },
    "done": true
  },
  "smallships:recipes/acacia_brigg": {
    "criteria": {
      "in_water": "2024-08-27 22:42:17 +0000"
    },
    "done": true
  },
  "smallships:recipes/bop_redwood_galley": {
    "criteria": {
      "in_water": "2024-08-27 22:42:17 +0000"
    },
    "done": true
  },
  "minecraft:recipes/decorations/birch_sign": {
    "criteria": {
      "has_birch_planks": "2024-08-27 22:43:32 +0000"
    },
    "done": true
  },
  "smallships:recipes/sail_item": {
    "criteria": {
      "in_water": "2024-08-27 22:42:17 +0000"
    },
    "done": true
  },
  "smallships:recipes/bop_magic_brigg": {
    "criteria": {
      "in_water": "2024-08-27 22:42:17 +0000"
    },
    "done": true
  },
  "smallships:recipes/bop_fir_war_galley": {
    "criteria": {
      "in_water": "2024-08-27 22:42:17 +0000"
    },
    "done": true
  },
  "smallships:recipes/lotr_larch_rowboat": {
    "criteria": {
      "in_water": "2024-08-27 22:42:17 +0000"
    },
    "done": true
  },
  "smallships:recipes/dark_oak_galley": {
    "criteria": {
      "in_water": "2024-08-27 22:42:17 +0000"
    },
    "done": true
  },
  "smallships:recipes/lotr_aspen_drakkar": {
    "criteria": {
      "in_water": "2024-08-27 22:42:17 +0000"
    },
    "done": true
  },
  "minecraft:recipes/building_blocks/white_concrete_powder": {
    "criteria": {
      "has_sand": "2024-08-27 22:47:45 +0000"
    },
    "done": true
  },
  "smallships:recipes/envi_willow_rowboat": {
    "criteria": {
      "in_water": "2024-08-27 22:42:17 +0000"
    },
    "done": true
  },
  "smallships:recipes/lotr_lebethron_drakkar": {
    "criteria": {
      "in_water": "2024-08-27 22:42:17 +0000"
    },
    "done": true
  },
  "minecraft:recipes/food/baked_potato_from_smoking": {
    "criteria": {
      "has_potato": "2024-08-27 22:53:10 +0000"
    },
    "done": true
  },
  "smallships:recipes/bop_cherry_rowboat": {
    "criteria": {
      "in_water": "2024-08-27 22:42:17 +0000"
    },
    "done": true
  },
  "smallships:recipes/oak_rowboat": {
    "criteria": {
      "in_water": "2024-08-27 22:42:17 +0000"
    },
    "done": true
  },
  "smallships:recipes/bop_redwood_cog": {
    "criteria": {
      "in_water": "2024-08-27 22:42:17 +0000"
    },
    "done": true
  },
  "smallships:recipes/lotr_lairelosse_rowboat": {
    "criteria": {
      "in_water": "2024-08-27 22:42:17 +0000"
    },
    "done": true
  },
  "smallships:recipes/lotr_apple_brigg": {
    "criteria": {
      "in_water": "2024-08-27 22:42:17 +0000"
    },
    "done": true
  },
  "minecraft:recipes/food/baked_potato": {
    "criteria": {
      "has_potato": "2024-08-27 22:53:10 +0000"
    },
    "done": true
  },
  "smallships:recipes/lotr_cypress_war_galley": {
    "criteria": {
      "in_water": "2024-08-27 22:42:17 +0000"
    },
    "done": true
  },
  "smallships:recipes/bop_fir_rowboat": {
    "criteria": {
      "in_water": "2024-08-27 22:42:17 +0000"
    },
    "done": true
  },
  "smallships:recipes/lotr_holly_drakkar": {
    "criteria": {
      "in_water": "2024-08-27 22:42:17 +0000"
    },
    "done": true
  },
  "smallships:recipes/lotr_cypress_galley": {
    "criteria": {
      "in_water": "2024-08-27 22:42:17 +0000"
    },
    "done": true
  },
  "smallships:recipes/lotr_charred_galley": {
    "criteria": {
      "in_water": "2024-08-27 22:42:17 +0000"
    },
    "done": true
  },
  "smallships:recipes/lotr_cherry_brigg": {
    "criteria": {
      "in_water": "2024-08-27 22:42:17 +0000"
    },
    "done": true
  },
  "minecraft:recipes/misc/iron_nugget_from_smelting": {
    "criteria": {
      "has_iron_pickaxe": "2024-08-27 22:49:50 +0000"
    },
    "done": true
  },
  "smallships:recipes/lotr_rotten_war_galley": {
    "criteria": {
      "in_water": "2024-08-27 22:42:17 +0000"
    },
    "done": true
  },
  "minecraft:recipes/redstone/birch_door": {
    "criteria": {
      "has_planks": "2024-08-27 22:43:32 +0000"
    },
    "done": true
  },
  "smallships:recipes/lotr_maple_war_galley": {
    "criteria": {
      "in_water": "2024-08-27 22:42:17 +0000"
    },
    "done": true
  },
  "smallships:recipes/bop_jacaranda_war_galley": {
    "criteria": {
      "in_water": "2024-08-27 22:42:17 +0000"
    },
    "done": true
  },
  "smallships:recipes/lotr_mirk_oak_brigg": {
    "criteria": {
      "in_water": "2024-08-27 22:42:17 +0000"
    },
    "done": true
  },
  "smallships:recipes/bop_magic_rowboat": {
    "criteria": {
      "in_water": "2024-08-27 22:42:17 +0000"
    },
    "done": true
  },
  "smallships:recipes/oak_cog": {
    "criteria": {
      "in_water": "2024-08-27 22:42:17 +0000"
    },
    "done": true
  },
  "smallships:recipes/lotr_rotten_drakkar": {
    "criteria": {
      "in_water": "2024-08-27 22:42:17 +0000"
    },
    "done": true
  },
  "smallships:recipes/envi_wisteria_cog": {
    "criteria": {
      "in_water": "2024-08-27 22:42:17 +0000"
    },
    "done": true
  },
  "smallships:recipes/bop_dead_rowboat": {
    "criteria": {
      "in_water": "2024-08-27 22:42:17 +0000"
    },
    "done": true
  },
  "smallships:recipes/lotr_pine_rowboat": {
    "criteria": {
      "in_water": "2024-08-27 22:42:17 +0000"
    },
    "done": true
  },
  "minecraft:recipes/transportation/oak_boat": {
    "criteria": {
      "in_water": "2024-08-27 22:42:17 +0000"
    },
    "done": true
  },
  "smallships:recipes/bop_palm_drakkar": {
    "criteria": {
      "in_water": "2024-08-27 22:42:17 +0000"
    },
    "done": true
  },
  "smallships:recipes/lotr_charred_cog": {
    "criteria": {
      "in_water": "2024-08-27 22:42:17 +0000"
    },
    "done": true
  },
  "minecraft:recipes/decorations/birch_fence": {
    "criteria": {
      "has_planks": "2024-08-27 22:43:32 +0000"
    },
    "done": true
  },
  "smallships:recipes/lotr_fir_drakkar": {
    "criteria": {
      "in_water": "2024-08-27 22:42:17 +0000"
    },
    "done": true
  },
  "minecraft:recipes/building_blocks/orange_concrete_powder": {
    "criteria": {
      "has_sand": "2024-08-27 22:47:45 +0000"
    },
    "done": true
  },
  "minecraft:recipes/food/baked_potato_from_campfire_cooking": {
    "criteria": {
      "has_potato": "2024-08-27 22:53:10 +0000"
    },
    "done": true
  },
  "smallships:recipes/dark_oak_war_galley": {
    "criteria": {
      "in_water": "2024-08-27 22:42:17 +0000"
    },
    "done": true
  },
  "minecraft:recipes/building_blocks/cyan_concrete_powder": {
    "criteria": {
      "has_sand": "2024-08-27 22:47:45 +0000"
    },
    "done": true
  },
  "smallships:recipes/envi_wisteria_rowboat": {
    "criteria": {
      "in_water": "2024-08-27 22:42:17 +0000"
    },
    "done": true
  },
  "smallships:recipes/bop_magic_galley": {
    "criteria": {
      "in_water": "2024-08-27 22:42:17 +0000"
    },
    "done": true
  },
  "smallships:recipes/bop_magic_cog": {
    "criteria": {
      "in_water": "2024-08-27 22:42:17 +0000"
    },
    "done": true
  },
  "undergarden:recipes/undergarden_group/wigglewood_boat": {
    "criteria": {
      "in_water": "2024-08-27 22:42:17 +0000"
    },
    "done": true
  },
  "smallships:recipes/bop_fir_drakkar": {
    "criteria": {
      "in_water": "2024-08-27 22:42:17 +0000"
    },
    "done": true
  },
  "smallships:recipes/bop_hellbark_brigg": {
    "criteria": {
      "in_water": "2024-08-27 22:42:17 +0000"
    },
    "done": true
  },
  "smallships:recipes/spruce_drakkar": {
    "criteria": {
      "in_water": "2024-08-27 22:42:17 +0000",
      "has_the_recipe": "2024-08-27 22:42:17 +0000"
    },
    "done": true
  },
  "smallships:recipes/lotr_pine_cog": {
    "criteria": {
      "in_water": "2024-08-27 22:42:17 +0000"
    },
    "done": true
  },
  "smallships:recipes/bop_willow_war_galley": {
    "criteria": {
      "in_water": "2024-08-27 22:42:17 +0000"
    },
    "done": true
  },
  "smallships:recipes/lotr_beech_brigg": {
    "criteria": {
      "in_water": "2024-08-27 22:42:17 +0000"
    },
    "done": true
  },
  "smallships:recipes/bop_umbran_war_galley": {
    "criteria": {
      "in_water": "2024-08-27 22:42:17 +0000"
    },
    "done": true
  },
  "biomesoplenty:recipes/transportation/umbran_boat": {
    "criteria": {
      "in_water": "2024-08-27 22:42:17 +0000"
    },
    "done": true
  },
  "smallships:recipes/lotr_aspen_brigg": {
    "criteria": {
      "in_water": "2024-08-27 22:42:17 +0000"
    },
    "done": true
  },
  "smallships:recipes/lotr_mirk_oak_rowboat": {
    "criteria": {
      "in_water": "2024-08-27 22:42:17 +0000"
    },
    "done": true
  },
  "smallships:recipes/oak_brigg": {
    "criteria": {
      "in_water": "2024-08-27 22:42:17 +0000"
    },
    "done": true
  },
  "smallships:recipes/bop_willow_rowboat": {
    "criteria": {
      "in_water": "2024-08-27 22:42:17 +0000"
    },
    "done": true
  },
  "biomesoplenty:recipes/transportation/palm_boat": {
    "criteria": {
      "in_water": "2024-08-27 22:42:17 +0000"
    },
    "done": true
  },
  "smallships:recipes/jungle_galley": {
    "criteria": {
      "in_water": "2024-08-27 22:42:17 +0000"
    },
    "done": true
  },
  "smallships:recipes/lotr_larch_drakkar": {
    "criteria": {
      "in_water": "2024-08-27 22:42:17 +0000"
    },
    "done": true
  },
  "smallships:recipes/lotr_cherry_galley": {
    "criteria": {
      "in_water": "2024-08-27 22:42:17 +0000"
    },
    "done": true
  },
  "biomesoplenty:recipes/transportation/redwood_boat": {
    "criteria": {
      "in_water": "2024-08-27 22:42:17 +0000"
    },
    "done": true
  },
  "smallships:recipes/spruce_galley": {
    "criteria": {
      "in_water": "2024-08-27 22:42:17 +0000"
    },
    "done": true
  },
  "smallships:recipes/lotr_lairelosse_galley": {
    "criteria": {
      "in_water": "2024-08-27 22:42:17 +0000"
    },
    "done": true
  },
  "smallships:recipes/lotr_cedar_rowboat": {
    "criteria": {
      "in_water": "2024-08-27 22:42:17 +0000"
    },
    "done": true
  },
  "minecraft:recipes/redstone/birch_button": {
    "criteria": {
      "has_planks": "2024-08-27 22:43:32 +0000"
    },
    "done": true
  },
  "smallships:recipes/spruce_cog": {
    "criteria": {
      "in_water": "2024-08-27 22:42:17 +0000"
    },
    "done": true
  },
  "undergarden:undergarden/root": {
    "criteria": {
      "tick": "2024-08-27 22:41:55 +0000"
    },
    "done": true
  },
  "smallships:recipes/lotr_aspen_galley": {
    "criteria": {
      "in_water": "2024-08-27 22:42:17 +0000"
    },
    "done": true
  },
  "smallships:recipes/lotr_lairelosse_cog": {
    "criteria": {
      "in_water": "2024-08-27 22:42:17 +0000"
    },
    "done": true
  },
  "smallships:recipes/bop_fir_cog": {
    "criteria": {
      "in_water": "2024-08-27 22:42:17 +0000"
    },
    "done": true
  },
  "smallships:recipes/bop_willow_drakkar": {
    "criteria": {
      "in_water": "2024-08-27 22:42:17 +0000"
    },
    "done": true
  },
  "mowziesmobs:root": {
    "criteria": {
      "custom_test_name": "2024-08-27 22:41:55 +0000"
    },
    "done": true
  },
  "smallships:recipes/oak_war_galley": {
    "criteria": {
      "in_water": "2024-08-27 22:42:17 +0000"
    },
    "done": true
  },
  "minecraft:recipes/misc/yellow_dye_from_dandelion": {
    "criteria": {
      "has_yellow_flower": "2024-08-27 22:52:01 +0000"
    },
    "done": true
  },
  "smallships:recipes/envi_willow_cog": {
    "criteria": {
      "in_water": "2024-08-27 22:42:17 +0000"
    },
    "done": true
  },
  "smallships:recipes/acacia_galley": {
    "criteria": {
      "in_water": "2024-08-27 22:42:17 +0000"
    },
    "done": true
  },
  "minecraft:recipes/building_blocks/blue_concrete_powder": {
    "criteria": {
      "has_sand": "2024-08-27 22:47:45 +0000"
    },
    "done": true
  },
  "smallships:recipes/spruce_rowboat": {
    "criteria": {
      "in_water": "2024-08-27 22:42:17 +0000"
    },
    "done": true
  },
  "smallships:recipes/lotr_maple_cog": {
    "criteria": {
      "in_water": "2024-08-27 22:42:17 +0000"
    },
    "done": true
  },
  "smallships:recipes/acacia_cog": {
    "criteria": {
      "in_water": "2024-08-27 22:42:17 +0000"
    },
    "done": true
  },
  "minecraft:recipes/building_blocks/gray_concrete_powder": {
    "criteria": {
      "has_sand": "2024-08-27 22:47:45 +0000"
    },
    "done": true
  },
  "smallships:recipes/bop_mahogany_drakkar": {
    "criteria": {
      "in_water": "2024-08-27 22:42:17 +0000"
    },
    "done": true
  },
  "smallships:recipes/jungle_war_galley": {
    "criteria": {
      "in_water": "2024-08-27 22:42:17 +0000"
    },
    "done": true
  },
  "smallships:recipes/bop_palm_galley": {
    "criteria": {
      "in_water": "2024-08-27 22:42:17 +0000"
    },
    "done": true
  },
  "smallships:recipes/birch_galley": {
    "criteria": {
      "in_water": "2024-08-27 22:42:17 +0000"
    },
    "done": true
  },
  "smallships:recipes/bop_hellbark_cog": {
    "criteria": {
      "in_water": "2024-08-27 22:42:17 +0000"
    },
    "done": true
  },
  "smallships:recipes/envi_willow_galley": {
    "criteria": {
      "in_water": "2024-08-27 22:42:17 +0000"
    },
    "done": true
  },
  "smallships:recipes/bop_palm_brigg": {
    "criteria": {
      "in_water": "2024-08-27 22:42:17 +0000"
    },
    "done": true
  },
  "smallships:recipes/lotr_beech_rowboat": {
    "criteria": {
      "in_water": "2024-08-27 22:42:17 +0000"
    },
    "done": true
  },
  "smallships:recipes/lotr_apple_cog": {
    "criteria": {
      "in_water": "2024-08-27 22:42:17 +0000"
    },
    "done": true
  },
  "smallships:recipes/lotr_beech_cog": {
    "criteria": {
      "in_water": "2024-08-27 22:42:17 +0000"
    },
    "done": true
  },
  "smallships:recipes/lotr_larch_cog": {
    "criteria": {
      "in_water": "2024-08-27 22:42:17 +0000"
    },
    "done": true
  },
  "smallships:recipes/lotr_charred_brigg": {
    "criteria": {
      "in_water": "2024-08-27 22:42:17 +0000"
    },
    "done": true
  },
  "minecraft:recipes/building_blocks/black_concrete_powder": {
    "criteria": {
      "has_sand": "2024-08-27 22:47:45 +0000"
    },
    "done": true
  },
  "smallships:recipes/bop_willow_brigg": {
    "criteria": {
      "in_water": "2024-08-27 22:42:17 +0000"
    },
    "done": true
  },
  "smallships:recipes/bop_redwood_brigg": {
    "criteria": {
      "in_water": "2024-08-27 22:42:17 +0000"
    },
    "done": true
  },
  "minecraft:story/iron_tools": {
    "criteria": {
      "iron_pickaxe": "2024-08-27 22:49:50 +0000"
    },
    "done": true
  },
  "smallships:recipes/bop_dead_war_galley": {
    "criteria": {
      "in_water": "2024-08-27 22:42:17 +0000"
    },
    "done": true
  },
  "smallships:recipes/lotr_mallorn_cog": {
    "criteria": {
      "in_water": "2024-08-27 22:42:17 +0000"
    },
    "done": true
  },
  "smallships:recipes/bop_palm_war_galley": {
    "criteria": {
      "in_water": "2024-08-27 22:42:17 +0000"
    },
    "done": true
  },
  "smallships:recipes/lotr_green_oak_brigg": {
    "criteria": {
      "in_water": "2024-08-27 22:42:17 +0000"
    },
    "done": true
  },
  "smallships:recipes/envi_wisteria_galley": {
    "criteria": {
      "in_water": "2024-08-27 22:42:17 +0000"
    },
    "done": true
  },
  "undergarden:recipes/undergarden_group/smogstem_boat": {
    "criteria": {
      "in_water": "2024-08-27 22:42:17 +0000"
    },
    "done": true
  },
  "smallships:recipes/lotr_cedar_drakkar": {
    "criteria": {
      "in_water": "2024-08-27 22:42:17 +0000"
    },
    "done": true
  },
  "smallships:recipes/bop_dead_cog": {
    "criteria": {
      "in_water": "2024-08-27 22:42:17 +0000"
    },
    "done": true
  },
  "smallships:recipes/bop_mahogany_cog": {
    "criteria": {
      "in_water": "2024-08-27 22:42:17 +0000"
    },
    "done": true
  },
  "minecraft:recipes/redstone/birch_fence_gate": {
    "criteria": {
      "has_planks": "2024-08-27 22:43:32 +0000"
    },
    "done": true
  },
  "smallships:recipes/oak_galley": {
    "criteria": {
      "in_water": "2024-08-27 22:42:17 +0000"
    },
    "done": true
  },
  "smallships:recipes/lotr_cypress_brigg": {
    "criteria": {
      "in_water": "2024-08-27 22:42:17 +0000"
    },
    "done": true
  },
  "smallships:recipes/bop_cherry_war_galley": {
    "criteria": {
      "in_water": "2024-08-27 22:42:17 +0000"
    },
    "done": true
  },
  "smallships:recipes/bop_dead_galley": {
    "criteria": {
      "in_water": "2024-08-27 22:42:17 +0000"
    },
    "done": true
  },
  "inventorypets:root": {
    "criteria": {
      "auto": "2024-08-27 22:41:55 +0000"
    },
    "done": true
  },
  "smallships:recipes/bop_jacaranda_galley": {
    "criteria": {
      "in_water": "2024-08-27 22:42:17 +0000"
    },
    "done": true
  },
  "smallships:recipes/lotr_green_oak_cog": {
    "criteria": {
      "in_water": "2024-08-27 22:42:17 +0000"
    },
    "done": true
  },
  "corail_recycler:recipes/recycler": {
    "criteria": {
      "requirement_1": "2024-08-27 22:43:32 +0000"
    },
    "done": true
  },
  "smallships:recipes/lotr_charred_rowboat": {
    "criteria": {
      "in_water": "2024-08-27 22:42:17 +0000"
    },
    "done": true
  },
  "smallships:recipes/lotr_maple_drakkar": {
    "criteria": {
      "in_water": "2024-08-27 22:42:17 +0000"
    },
    "done": true
  },
  "minecraft:recipes/building_blocks/red_concrete_powder": {
    "criteria": {
      "has_sand": "2024-08-27 22:47:45 +0000"
    },
    "done": true
  },
  "minecraft:recipes/misc/iron_nugget_from_blasting": {
    "criteria": {
      "has_iron_pickaxe": "2024-08-27 22:49:50 +0000"
    },
    "done": true
  },
  "smallships:recipes/bop_cherry_brigg": {
    "criteria": {
      "in_water": "2024-08-27 22:42:17 +0000"
    },
    "done": true
  },
  "smallships:recipes/envi_wisteria_war_galley": {
    "criteria": {
      "in_water": "2024-08-27 22:42:17 +0000"
    },
    "done": true
  },
  "smallships:recipes/bop_dead_brigg": {
    "criteria": {
      "in_water": "2024-08-27 22:42:17 +0000"
    },
    "done": true
  },
  "smallships:recipes/lotr_beech_drakkar": {
    "criteria": {
      "in_water": "2024-08-27 22:42:17 +0000"
    },
    "done": true
  },
  "smallships:recipes/bop_cherry_drakkar": {
    "criteria": {
      "in_water": "2024-08-27 22:42:17 +0000"
    },
    "done": true
  },
  "smallships:recipes/bop_jacaranda_rowboat": {
    "criteria": {
      "in_water": "2024-08-27 22:42:17 +0000"
    },
    "done": true
  },
  "smallships:recipes/lotr_holly_cog": {
    "criteria": {
      "in_water": "2024-08-27 22:42:17 +0000"
    },
    "done": true
  },
  "smallships:recipes/lotr_lairelosse_war_galley": {
    "criteria": {
      "in_water": "2024-08-27 22:42:17 +0000"
    },
    "done": true
  },
  "smallships:recipes/oak_drakkar": {
    "criteria": {
      "in_water": "2024-08-27 22:42:17 +0000",
      "has_the_recipe": "2024-08-27 22:42:17 +0000"
    },
    "done": true
  },
  "smallships:recipes/bop_umbran_rowboat": {
    "criteria": {
      "in_water": "2024-08-27 22:42:17 +0000"
    },
    "done": true
  },
  "smallships:recipes/lotr_green_oak_galley": {
    "criteria": {
      "in_water": "2024-08-27 22:42:17 +0000"
    },
    "done": true
  },
  "smallships:recipes/acacia_drakkar": {
    "criteria": {
      "in_water": "2024-08-27 22:42:17 +0000",
      "has_the_recipe": "2024-08-27 22:42:17 +0000"
    },
    "done": true
  },
  "smallships:recipes/bop_mahogany_rowboat": {
    "criteria": {
      "in_water": "2024-08-27 22:42:17 +0000"
    },
    "done": true
  },
  "smallships:recipes/lotr_lebethron_war_galley": {
    "criteria": {
      "in_water": "2024-08-27 22:42:17 +0000"
    },
    "done": true
  },
  "smallships:recipes/lotr_lebethron_rowboat": {
    "criteria": {
      "in_water": "2024-08-27 22:42:17 +0000"
    },
    "done": true
  },
  "smallships:recipes/dark_oak_rowboat": {
    "criteria": {
      "in_water": "2024-08-27 22:42:17 +0000"
    },
    "done": true
  },
  "smallships:recipes/bop_palm_cog": {
    "criteria": {
      "in_water": "2024-08-27 22:42:17 +0000"
    },
    "done": true
  },
  "smallships:recipes/lotr_charred_drakkar": {
    "criteria": {
      "in_water": "2024-08-27 22:42:17 +0000"
    },
    "done": true
  },
  "biomesoplenty:recipes/transportation/hellbark_boat": {
    "criteria": {
      "in_water": "2024-08-27 22:42:17 +0000"
    },
    "done": true
  },
  "smallships:recipes/envi_willow_drakkar": {
    "criteria": {
      "in_water": "2024-08-27 22:42:17 +0000"
    },
    "done": true
  },
  "minecraft:adventure/adventuring_time": {
    "criteria": {
      "minecraft:beach": "2024-08-27 22:42:12 +0000",
      "minecraft:dark_forest": "2024-08-27 22:50:41 +0000",
      "minecraft:river": "2024-08-27 22:46:24 +0000",
      "minecraft:plains": "2024-08-27 22:41:55 +0000"
    },
    "done": false
  },
  "smallships:recipes/lotr_pear_war_galley": {
    "criteria": {
      "in_water": "2024-08-27 22:42:17 +0000"
    },
    "done": true
  },
  "smallships:recipes/bop_jacaranda_brigg": {
    "criteria": {
      "in_water": "2024-08-27 22:42:17 +0000"
    },
    "done": true
  },
  "smallships:recipes/envi_willow_war_galley": {
    "criteria": {
      "in_water": "2024-08-27 22:42:17 +0000"
    },
    "done": true
  },
  "undergarden:recipes/undergarden_group/grongle_boat": {
    "criteria": {
      "in_water": "2024-08-27 22:42:17 +0000"
    },
    "done": true
  },
  "corail_recycler:tutorial/root": {
    "criteria": {
      "auto": "2024-08-27 22:41:55 +0000"
    },
    "done": true
  },
  "minecraft:recipes/decorations/barrel": {
    "criteria": {
      "has_planks": "2024-08-27 22:43:32 +0000"
    },
    "done": true
  },
  "smallships:recipes/envi_cherry_war_galley": {
    "criteria": {
      "in_water": "2024-08-27 22:42:17 +0000"
    },
    "done": true
  },
  "smallships:recipes/jungle_brigg": {
    "criteria": {
      "in_water": "2024-08-27 22:42:17 +0000"
    },
    "done": true
  },
  "smallships:recipes/lotr_green_oak_rowboat": {
    "criteria": {
      "in_water": "2024-08-27 22:42:17 +0000"
    },
    "done": true
  },
  "smallships:recipes/spruce_war_galley": {
    "criteria": {
      "in_water": "2024-08-27 22:42:17 +0000"
    },
    "done": true
  },
  "minecraft:recipes/transportation/jungle_boat": {
    "criteria": {
      "in_water": "2024-08-27 22:42:17 +0000"
    },
    "done": true
  },
  "smallships:recipes/bop_redwood_rowboat": {
    "criteria": {
      "in_water": "2024-08-27 22:42:17 +0000"
    },
    "done": true
  },
  "smallships:recipes/lotr_apple_drakkar": {
    "criteria": {
      "in_water": "2024-08-27 22:42:17 +0000"
    },
    "done": true
  },
  "minecraft:recipes/building_blocks/birch_stairs": {
    "criteria": {
      "has_planks": "2024-08-27 22:43:32 +0000"
    },
    "done": true
  },
  "smallships:recipes/envi_willow_brigg": {
    "criteria": {
      "in_water": "2024-08-27 22:42:17 +0000"
    },
    "done": true
  },
  "smallships:recipes/envi_wisteria_brigg": {
    "criteria": {
      "in_water": "2024-08-27 22:42:17 +0000"
    },
    "done": true
  },
  "minecraft:recipes/transportation/dark_oak_boat": {
    "criteria": {
      "in_water": "2024-08-27 22:42:17 +0000"
    },
    "done": true
  },
  "smallships:recipes/lotr_mallorn_war_galley": {
    "criteria": {
      "in_water": "2024-08-27 22:42:17 +0000"
    },
    "done": true
  },
  "smallships:recipes/lotr_pine_drakkar": {
    "criteria": {
      "in_water": "2024-08-27 22:42:17 +0000"
    },
    "done": true
  },
  "smallships:recipes/lotr_rotten_cog": {
    "criteria": {
      "in_water": "2024-08-27 22:42:17 +0000"
    },
    "done": true
  },
  "smallships:recipes/birch_rowboat": {
    "criteria": {
      "in_water": "2024-08-27 22:42:17 +0000"
    },
    "done": true
  },
  "smallships:recipes/lotr_mallorn_drakkar": {
    "criteria": {
      "in_water": "2024-08-27 22:42:17 +0000"
    },
    "done": true
  },
  "sworddisplay:recipes/sworddisplay/birch_sword_display": {
    "criteria": {
      "has_core": "2024-08-27 22:43:32 +0000"
    },
    "done": true
  },
  "smallships:recipes/bop_mahogany_war_galley": {
    "criteria": {
      "in_water": "2024-08-27 22:42:17 +0000"
    },
    "done": true
  },
  "smallships:recipes/bop_magic_drakkar": {
    "criteria": {
      "in_water": "2024-08-27 22:42:17 +0000"
    },
    "done": true
  },
  "smallships:recipes/bop_dead_drakkar": {
    "criteria": {
      "in_water": "2024-08-27 22:42:17 +0000"
    },
    "done": true
  },
  "smallships:recipes/lotr_cherry_cog": {
    "criteria": {
      "in_water": "2024-08-27 22:42:17 +0000"
    },
    "done": true
  },
  "minecraft:recipes/redstone/birch_trapdoor": {
    "criteria": {
      "has_planks": "2024-08-27 22:43:32 +0000"
    },
    "done": true
  },
  "smallships:recipes/lotr_cedar_war_galley": {
    "criteria": {
      "in_water": "2024-08-27 22:42:17 +0000"
    },
    "done": true
  },
  "biomesoplenty:recipes/transportation/jacaranda_boat": {
    "criteria": {
      "in_water": "2024-08-27 22:42:17 +0000"
    },
    "done": true
  },
  "smallships:recipes/lotr_aspen_rowboat": {
    "criteria": {
      "in_water": "2024-08-27 22:42:17 +0000"
    },
    "done": true
  },
  "smallships:recipes/bop_hellbark_galley": {
    "criteria": {
      "in_water": "2024-08-27 22:42:17 +0000"
    },
    "done": true
  },
  "smallships:recipes/lotr_holly_rowboat": {
    "criteria": {
      "in_water": "2024-08-27 22:42:17 +0000"
    },
    "done": true
  },
  "smallships:recipes/lotr_pear_brigg": {
    "criteria": {
      "in_water": "2024-08-27 22:42:17 +0000"
    },
    "done": true
  },
  "smallships:recipes/envi_cherry_cog": {
    "criteria": {
      "in_water": "2024-08-27 22:42:17 +0000"
    },
    "done": true
  },
  "smallships:recipes/lotr_lairelosse_brigg": {
    "criteria": {
      "in_water": "2024-08-27 22:42:17 +0000"
    },
    "done": true
  },
  "smallships:recipes/lotr_lebethron_brigg": {
    "criteria": {
      "in_water": "2024-08-27 22:42:17 +0000"
    },
    "done": true
  },
  "smallships:recipes/lotr_maple_galley": {
    "criteria": {
      "in_water": "2024-08-27 22:42:17 +0000"
    },
    "done": true
  },
  "smallships:recipes/lotr_cypress_cog": {
    "criteria": {
      "in_water": "2024-08-27 22:42:17 +0000"
    },
    "done": true
  },
  "smallships:recipes/lotr_apple_galley": {
    "criteria": {
      "in_water": "2024-08-27 22:42:17 +0000"
    },
    "done": true
  },
  "DataVersion": 2586
}